block,block_seq,create_time,schemaversion,type,operation,object_id,version
5903,1,2022-02-18 20:03:31.345,2.5.3,registration,create,77bdb3cafa259d88ff622ba17fbd2144,0
5903,2,2022-02-18 20:03:31.345,2.5.3,registration,create,a72b2a64ec41d5e70d1d1d2627316d33,0
5903,3,2022-02-18 20:03:31.345,2.5.3,registration,create,acf47bfec1846cd5d60b3aff39295309,0
5903,4,2022-02-18 20:03:31.345,2.5.3,registration,create,235485598a862f743dcb1e76366f5889,0
5903,5,2022-02-18 20:03:31.345,2.5.3,registration,create,e889e82921cc44ae222381a7eb802a6b,0
5903,6,2022-02-18 20:03:31.345,2.5.3,registration,create,0246b64c37d74d4befa3ac9e48308b2b,0
5903,7,2022-02-18 20:03:31.345,2.5.3,registration,create,587f9269f5b01831554ad5946d14a7b7,0
5903,8,2022-02-18 20:03:31.345,2.5.3,registration,create,d24fc95e1a7ac3b206b66723a6ffbb51,0
5903,9,2022-02-18 20:03:31.345,2.5.3,registration,create,7fc5dc7660a934a10a98a133340f3820,0
5903,10,2022-02-18 20:03:31.345,2.5.3,registration,create,51fe059b4604ab08ad285a005eb6ac1a,0
5903,11,2022-02-18 20:03:31.345,2.5.3,registration,create,e66e4311e1deefea06004c6faaf389df,0
5903,12,2022-02-18 20:03:31.345,2.5.3,registration,create,70ebef60bdc25bb99a164099833c7306,0
5903,13,2022-02-18 20:03:31.345,2.5.3,registration,create,81f2c73d06355739fa9178fbe3dca472,0
5903,14,2022-02-18 20:03:31.345,2.5.3,registration,create,15c5852419adeac377feec0b34783423,0
5903,15,2022-02-18 20:03:31.345,2.5.3,registration,create,774c66bce32cdf7a558857a21e3af76c,0
5903,16,2022-02-18 20:03:31.345,2.5.3,registration,create,88e06f6af692687cba0483b12f0ded29,0
5903,17,2022-02-18 20:03:31.345,2.5.3,registration,create,584e119719a9353ce99a264bf29f47de,0
5903,18,2022-02-18 20:03:31.345,2.5.3,registration,create,616b341e650d78eade5193340caa3cb5,0
5903,19,2022-02-18 20:03:31.345,2.5.3,registration,create,9f418276d93f3f73ad2d7fd684f50883,0
5903,20,2022-02-18 20:03:31.345,2.5.3,registration,create,e73fff9f950ee344d62cca396ce4b97c,0
5903,21,2022-02-18 20:03:31.345,2.5.3,registration,create,6c99b121df8d52ad32886b41a4ab489a,0
5903,22,2022-02-18 20:03:31.345,2.5.3,registration,create,a7eb0a782d6184061142d3a954cbe6c8,0
5903,23,2022-02-18 20:03:31.345,2.5.3,registration,create,512dc90815032c7d026f05b7435c5fcd,0
5903,24,2022-02-18 20:03:31.345,2.5.3,registration,create,b3a0db1cce7e911bcab116835ebec1b1,0
5903,25,2022-02-18 20:03:31.345,2.5.3,registration,create,1a3d0d0dc20835d673b99d1d20359edd,0
5903,26,2022-02-18 20:03:31.345,2.5.3,registration,create,a2ba33b67eb47a681406219dce216920,0
5903,27,2022-02-18 20:03:31.345,2.5.3,registration,create,debfe22b8f7827da544b001bba3c291f,0
5903,28,2022-02-18 20:03:31.345,2.5.3,registration,create,a28ef48972fd9e0037e61f7702d8d288,0
5903,29,2022-02-18 20:03:31.345,2.5.3,registration,create,7ef4edeea64206208a626cccdc719807,0
5903,30,2022-02-18 20:03:31.345,2.5.3,registration,create,dcd462ed3e7999f081910b4bf49c283c,0
5904,1,2022-02-18 20:03:42.179,2.5.3,registration,create,06ec288d24c3004aa184238aa6d1b0ca,0
5904,2,2022-02-18 20:03:42.179,2.5.3,registration,create,ef75199f03658c7c82494025ac2b877f,0
5904,3,2022-02-18 20:03:42.179,2.5.3,registration,create,43bb78846db60dd3e411b8e63e46e368,0
5904,4,2022-02-18 20:03:42.179,2.5.3,registration,create,8323de09d0a16960f2024ea5909b1cef,0
5904,5,2022-02-18 20:03:42.179,2.5.3,registration,create,b58b64e5e7af031fadb07c2fcedcbb33,0
5904,6,2022-02-18 20:03:42.179,2.5.3,registration,create,dc32e827fccf3b68262e27f255464080,0
5904,7,2022-02-18 20:03:42.179,2.5.3,registration,create,b855fff0b3e40ed52a2bdf3ea5e350de,0
5904,8,2022-02-18 20:03:42.179,2.5.3,registration,create,cd217db73156ed4c378f4b78fe0a6024,0
5904,9,2022-02-18 20:03:42.179,2.5.3,registration,create,a0070a12ad97234289322e96d13caccf,0
5904,10,2022-02-18 20:03:42.179,2.5.3,registration,create,74a7d9d8e5ec23fcfbff5875e01e35f1,0
5904,11,2022-02-18 20:03:42.179,2.5.3,registration,create,82af42be9beb83224e9705c5465bfbad,0
5904,12,2022-02-18 20:03:42.179,2.5.3,registration,create,d0b84300fbe8516e7eb501b652a53c5b,0
5904,13,2022-02-18 20:03:42.179,2.5.3,registration,create,bc2afcbcec11a9f716329283b2152e4e,0
5904,14,2022-02-18 20:03:42.179,2.5.3,registration,create,be307a177688a7591abc59cfa2dfcf95,0
5904,15,2022-02-18 20:03:42.179,2.5.3,registration,create,dd3f8a17bf7a1650a40e378b7a71b688,0
5904,16,2022-02-18 20:03:42.179,2.5.3,registration,create,255d8d945e731ba5633d3b372782f60a,0
5904,17,2022-02-18 20:03:42.179,2.5.3,registration,create,3d24df477bea145808cd9370a70dfa3b,0
5904,18,2022-02-18 20:03:42.179,2.5.3,registration,create,4261c8ac917bb5695e340b7df88194a2,0
5904,19,2022-02-18 20:03:42.179,2.5.3,registration,create,8836c03854e90b7932055b61c975f253,0
5904,20,2022-02-18 20:03:42.179,2.5.3,registration,update,b225e12474e77d281134a4fc747d507b,2
5904,21,2022-02-18 20:03:42.179,2.5.3,registration,create,d65c872da52534dc2402464ca99f4062,0
5904,22,2022-02-18 20:03:42.179,2.5.3,registration,update,f49b231df5e291211fa94d2ba285e104,1
5904,23,2022-02-18 20:03:42.179,2.5.3,registration,create,2e9ae5231e5a148b7606443d110f757a,0
5904,24,2022-02-18 20:03:42.179,2.5.3,registration,create,af163f613a3a68b936d71ec5d6f60ccc,0
5904,25,2022-02-18 20:03:42.179,2.5.3,registration,create,a10ad89b2889e88a3af5dde0f949485b,0
5904,26,2022-02-18 20:03:42.179,2.5.3,registration,update,c7fafdc530a6d7100e91f296e7f4fa08,1
5904,27,2022-02-18 20:03:42.179,2.5.3,registration,create,88668ea71d9a60d200ec7cf4e249ce1e,0
5904,28,2022-02-18 20:03:42.179,2.5.3,registration,create,8e7a236952629bc034c29d047fb50681,0
5904,29,2022-02-18 20:03:42.179,2.5.3,registration,create,c1a6e6b5c9cc6cd93da54def46165da4,0
5904,30,2022-02-18 20:03:42.179,2.5.3,registration,create,cffa289139d02653ca18fc66f309a6e0,0
